"Data","Estrangeiro","Institucional","Pessoa física","Inst. Financeira","Outros"
"20/08/2026","-1.195,31 mi","1.372,68 mi","158,70 mi","-527,97 mi","191,90 mi"
"19/08/2026","-1.582,35 mi","1.029,81 mi","42,36 mi","519,49 mi","-9,31 mi"
"18/08/2026","-1.782,10 mi","1.362,50 mi","357,75 mi","-9,69 mi","71,54 mi"
"17/08/2026","-496,07 mi","71,25 mi","154,80 mi","181,58 mi","88,44 mi"
"14/08/2026","-2.515,44 mi","1.718,14 mi","297,95 mi","310,31 mi","189,04 mi"
"13/08/2026","-2.070,86 mi","1.687,61 mi","103,30 mi","234,69 mi","45,26 mi"
"12/08/2026","-1.631,62 mi","1.211,41 mi","266,37 mi","164,05 mi","-10,21 mi"
"11/08/2026","-4.717,24 mi","3.626,29 mi","560,65 mi","380,04 mi","150,26 mi"
"10/08/2026","-1.655,74 mi","1.768,64 mi","85,41 mi","-89,30 mi","-109,01 mi"
"07/08/2026","-2.261,38 mi","2.272,08 mi","655,40 mi","-849,01 mi","182,91 mi"
"06/08/2026","-2.460,16 mi","562,43 mi","515,92 mi","1.264,07 mi","117,75 mi"
"05/08/2026","-714,76 mi","-1.722,60 mi","-418,76 mi","197,80 mi","2.658,31 mi"
"04/08/2026","-171,05 mi","-11,06 mi","-50,96 mi","214,70 mi","18,37 mi"
"03/08/2026","51,35 mi","-206,71 mi","-26,07 mi","118,20 mi","63,23 mi"
"31/07/2026","431,69 mi","-15,94 mi","-278,88 mi","-70,29 mi","-66,59 mi"
"30/07/2026","-634,54 mi","1.327,25 mi","-419,39 mi","-19,82 mi","-253,50 mi"
"29/07/2026","-510,21 mi","39,32 mi","410,44 mi","190,07 mi","-129,62 mi"
"28/07/2026","415,21 mi","-404,60 mi","-53,89 mi","175,88 mi","-132,61 mi"
"27/07/2026","454,77 mi","129,51 mi","-471,97 mi","16,53 mi","-128,84 mi"
"24/07/2026","-1.232,77 mi","674,09 mi","381,23 mi","184,97 mi","-7,51 mi"
"23/07/2026","-979,77 mi","579,59 mi","267,14 mi","234,09 mi","-101,05 mi"
"22/07/2026","278,08 mi","136,85 mi","-331,13 mi","144,21 mi","-228,02 mi"
"21/07/2026","120,05 mi","-315,16 mi","148,75 mi","226,57 mi","-180,20 mi"
"20/07/2026","-497,44 mi","281,44 mi","170,34 mi","115,99 mi","-70,32 mi"
"17/07/2026","2.362,18 mi","-3.413,81 mi","167,93 mi","1.108,60 mi","-224,90 mi"
"16/07/2026","58,22 mi","-316,80 mi","226,53 mi","-23,70 mi","55,75 mi"
"15/07/2026","703,44 mi","-625,12 mi","295,24 mi","-435,29 mi","61,73 mi"
"14/07/2026","458,78 mi","-600,51 mi","100,24 mi","-115,50 mi","156,99 mi"
"13/07/2026","-177,50 mi","-324,88 mi","370,65 mi","154,85 mi","-23,11 mi"
"10/07/2026","1.521,47 mi","-840,80 mi","-640,97 mi","-28,78 mi","-10,92 mi"
"09/07/2026","206,37 mi","-281,50 mi","-247,88 mi","286,84 mi","36,16 mi"
"08/07/2026","-607,62 mi","172,41 mi","220,43 mi","67,01 mi","147,78 mi"
"07/07/2026","12,18 mi","-577,10 mi","302,52 mi","177,85 mi","84,54 mi"
"06/07/2026","-500,32 mi","-391,87 mi","464,66 mi","325,30 mi","102,22 mi"
"03/07/2026","698,14 mi","-679,63 mi","-213,17 mi","204,76 mi","-10,11 mi"
"02/07/2026","567,60 mi","-119,22 mi","76,91 mi","-602,61 mi","77,32 mi"
"01/07/2026","-589,82 mi","199,04 mi","186,67 mi","119,97 mi","84,14 mi"
"30/06/2026","302,09 mi","-850,97 mi","319,29 mi","164,01 mi","65,58 mi"
"29/06/2026","666,52 mi","-766,99 mi","8,00 mi","53,26 mi","39,20 mi"
"26/06/2026","34,74 mi","408,31 mi","-99,32 mi","-339,66 mi","-4,08 mi"
"25/06/2026","-410,78 mi","237,21 mi","-69,96 mi","221,09 mi","22,45 mi"
"24/06/2026","-855,52 mi","339,69 mi","262,37 mi","143,08 mi","110,37 mi"
"23/06/2026","-1.063,33 mi","786,35 mi","138,12 mi","23,94 mi","114,94 mi"
"22/06/2026","-2.086,22 mi","1.520,58 mi","19,24 mi","457,54 mi","88,86 mi"
"19/06/2026","-1,72 mi","-2.732,83 mi","556,47 mi","2.000,92 mi","177,15 mi"
"18/06/2026","80,77 mi","-372,11 mi","76,98 mi","-37,06 mi","251,42 mi"
"17/06/2026","72,76 mi","-171,99 mi","254,03 mi","-319,56 mi","164,76 mi"
"16/06/2026","-1.204,05 mi","1.220,73 mi","362,56 mi","-679,33 mi","300,08 mi"
"15/06/2026","998,28 mi","-673,96 mi","-508,27 mi","44,74 mi","139,21 mi"
"12/06/2026","-2,28 mi","-636,77 mi","256,92 mi","365,61 mi","16,52 mi"
"11/06/2026","-751,08 mi","466,25 mi","-104,28 mi","486,30 mi","-97,19 mi"
"10/06/2026","-149,05 mi","544,80 mi","298,09 mi","-298,68 mi","-395,17 mi"
"09/06/2026","-1.581,74 mi","1.476,92 mi","79,22 mi","134,18 mi","-108,58 mi"
"08/06/2026","18,90 mi","-208,49 mi","128,12 mi","189,27 mi","-127,81 mi"
"05/06/2026","-448,80 mi","-773,43 mi","313,33 mi","732,87 mi","176,02 mi"
"03/06/2026","-474,93 mi","166,41 mi","641,69 mi","-313,04 mi","-20,13 mi"
"02/06/2026","-45,15 mi","397,00 mi","11,09 mi","-89,71 mi","-273,23 mi"
"01/06/2026","-884,99 mi","1.412,00 mi","211,71 mi","-571,61 mi","-167,11 mi"
"29/05/2026","-615,45 mi","895,75 mi","389,35 mi","-690,31 mi","20,67 mi"
"28/05/2026","-190,78 mi","265,60 mi","129,33 mi","-112,75 mi","-91,40 mi"
"27/05/2026","-296,04 mi","486,98 mi","13,22 mi","-245,79 mi","41,63 mi"
"26/05/2026","-364,49 mi","36,65 mi","356,02 mi","188,44 mi","-216,63 mi"
"25/05/2026","-342,02 mi","317,00 mi","-90,65 mi","13,91 mi","101,76 mi"
"22/05/2026","-388,20 mi","125,72 mi","457,69 mi","-61,26 mi","-133,95 mi"
"21/05/2026","-999,96 mi","1.355,22 mi","205,64 mi","-184,73 mi","-376,17 mi"
"20/05/2026","-277,31 mi","574,85 mi","-38,97 mi","44,34 mi","-302,91 mi"
"19/05/2026","-903,34 mi","514,22 mi","514,03 mi","47,45 mi","-172,36 mi"
"18/05/2026","-891,86 mi","570,10 mi","283,78 mi","522,08 mi","-484,10 mi"
"15/05/2026","-2.472,66 mi","5.188,48 mi","844,46 mi","-3.103,15 mi","-457,13 mi"
"14/05/2026","-717,54 mi","984,04 mi","59,91 mi","-26,73 mi","-299,67 mi"
"13/05/2026","-1.196,97 mi","-75,41 mi","446,51 mi","887,75 mi","-61,88 mi"
"12/05/2026","-934,38 mi","1.007,08 mi","329,26 mi","76,15 mi","-478,10 mi"
"11/05/2026","-1.126,67 mi","242,48 mi","395,89 mi","187,37 mi","300,93 mi"
"08/05/2026","118,78 mi","-493,04 mi","268,03 mi","230,93 mi","-124,71 mi"
"07/05/2026","-1.157,79 mi","154,77 mi","741,96 mi","141,96 mi","119,10 mi"
"06/05/2026","-285,43 mi","-37,28 mi","52,78 mi","250,62 mi","19,30 mi"
"05/05/2026","-472,12 mi","560,43 mi","239,33 mi","-198,54 mi","-129,10 mi"
"04/05/2026","-1.395,76 mi","655,45 mi","223,05 mi","503,39 mi","13,87 mi"
"30/04/2026","-1.750,62 mi","1.015,86 mi","297,21 mi","396,29 mi","41,26 mi"
"29/04/2026","-1.939,67 mi","834,63 mi","587,21 mi","153,35 mi","364,48 mi"
"28/04/2026","-1.295,63 mi","680,26 mi","257,18 mi","355,39 mi","2,81 mi"
"27/04/2026","-423,91 mi","63,24 mi","331,26 mi","205,89 mi","-176,49 mi"
"24/04/2026","-1.546,18 mi","576,14 mi","280,79 mi","459,05 mi","230,22 mi"
"23/04/2026","-917,97 mi","-155,73 mi","534,09 mi","534,26 mi","5,34 mi"
"22/04/2026","-459,99 mi","-464,47 mi","877,71 mi","-21,51 mi","68,26 mi"
"20/04/2026","32,13 mi","-384,55 mi","221,93 mi","143,34 mi","-12,85 mi"
"17/04/2026","-2.421,61 mi","2.486,65 mi","-1.077,02 mi","749,60 mi","262,38 mi"
"16/04/2026","-771,22 mi","-188,94 mi","253,56 mi","723,43 mi","-16,84 mi"
"15/04/2026","-1.031,98 mi","111,81 mi","372,89 mi","487,69 mi","59,59 mi"
"14/04/2026","1.262,67 mi","-1.704,89 mi","-6,68 mi","238,43 mi","210,47 mi"
"13/04/2026","417,67 mi","-507,42 mi","-51,78 mi","93,66 mi","47,87 mi"
"10/04/2026","2.473,43 mi","-1.686,12 mi","-551,71 mi","-184,62 mi","-50,97 mi"
"09/04/2026","8.398,42 mi","-7.442,19 mi","-958,16 mi","74,08 mi","-72,15 mi"
"08/04/2026","2.614,10 mi","-1.222,88 mi","-1.270,18 mi","-7,07 mi","-113,98 mi"
"07/04/2026","-1.072,85 mi","257,21 mi","331,91 mi","249,84 mi","233,89 mi"
"06/04/2026","-176,87 mi","-88,28 mi","123,84 mi","86,01 mi","55,30 mi"
"02/04/2026","376,94 mi","-270,27 mi","-114,99 mi","-50,48 mi","58,80 mi"
"01/04/2026","1.411,86 mi","-1.354,65 mi","-406,07 mi","301,00 mi","47,86 mi"
"31/03/2026","2.180,20 mi","-1.013,17 mi","-854,33 mi","-305,64 mi","-7,06 mi"
"30/03/2026","603,41 mi","-724,56 mi","40,38 mi","27,22 mi","53,55 mi"
"27/03/2026","975,26 mi","-1.112,65 mi","292,35 mi","-196,16 mi","41,20 mi"
"26/03/2026","-187,84 mi","-652,09 mi","332,28 mi","382,14 mi","125,51 mi"
"25/03/2026","1.034,86 mi","-830,53 mi","-451,57 mi","126,66 mi","120,58 mi"
"24/03/2026","1.231,33 mi","-1.364,28 mi","54,59 mi","35,58 mi","42,78 mi"
"23/03/2026","464,02 mi","266,72 mi","-891,46 mi","29,19 mi","131,52 mi"
"20/03/2026","-1.510,69 mi","3.585,16 mi","-64,27 mi","-2.255,31 mi","245,11 mi"
"19/03/2026","1.665,45 mi","-2.088,65 mi","-12,83 mi","-4,49 mi","440,52 mi"
"18/03/2026","622,66 mi","-850,09 mi","161,28 mi","-117,57 mi","183,72 mi"
"17/03/2026","565,19 mi","-687,55 mi","65,75 mi","-40,86 mi","97,47 mi"
"16/03/2026","551,40 mi","196,21 mi","-308,42 mi","-480,14 mi","40,94 mi"
"13/03/2026","1.172,90 mi","-1.710,77 mi","460,77 mi","-68,65 mi","145,74 mi"
"12/03/2026","155,31 mi","-1.326,91 mi","947,22 mi","83,86 mi","140,52 mi"
"11/03/2026","-576,44 mi","676,38 mi","-100,98 mi","-27,22 mi","28,26 mi"
"10/03/2026","458,79 mi","-5,64 mi","-302,19 mi","-133,36 mi","-17,60 mi"
"09/03/2026","1.468,43 mi","-926,50 mi","-421,56 mi","-128,32 mi","7,94 mi"
"06/03/2026","373,00 mi","-85,09 mi","-119,23 mi","-1.218,12 mi","1.049,44 mi"
"05/03/2026","-606,47 mi","77,57 mi","660,55 mi","-176,42 mi","44,77 mi"
"04/03/2026","692,82 mi","-622,32 mi","38,56 mi","-85,57 mi","-23,50 mi"
"03/03/2026","-390,85 mi","-522,27 mi","904,41 mi","-44,40 mi","53,11 mi"
"02/03/2026","712,76 mi","-228,21 mi","-154,51 mi","-170,35 mi","-159,69 mi"
"27/02/2026","-696,51 mi","578,31 mi","265,88 mi","115,81 mi","-263,49 mi"
"26/02/2026","825,73 mi","-1.540,88 mi","186,47 mi","409,37 mi","119,31 mi"
"25/02/2026","847,86 mi","-1.180,28 mi","269,88 mi","140,19 mi","-77,65 mi"
"24/02/2026","2.132,95 mi","-1.892,31 mi","-348,17 mi","567,41 mi","-459,88 mi"
"23/02/2026","3.016,46 mi","-3.226,95 mi","677,09 mi","-438,48 mi","-28,13 mi"
"20/02/2026","-1.022,25 mi","4.306,48 mi","-2.512,62 mi","-334,74 mi","-436,87 mi"
"19/02/2026","2.228,09 mi","-1.390,71 mi","-412,81 mi","-356,32 mi","-68,25 mi"
"18/02/2026","-693,26 mi","619,85 mi","159,82 mi","-62,06 mi","-24,34 mi"
"13/02/2026","397,18 mi","552,58 mi","285,09 mi","-1.274,62 mi","39,76 mi"
"12/02/2026","1.152,95 mi","-799,39 mi","415,38 mi","-842,41 mi","73,47 mi"
"11/02/2026","2.434,22 mi","-1.652,06 mi","-1.141,53 mi","463,25 mi","-103,88 mi"
"10/02/2026","573,45 mi","-1.667,67 mi","70,15 mi","1.064,20 mi","-40,12 mi"
"09/02/2026","1.214,38 mi","-972,93 mi","-560,43 mi","374,76 mi","-55,78 mi"
"06/02/2026","41,33 mi","-701,38 mi","81,43 mi","590,23 mi","-11,61 mi"
"05/02/2026","74,16 mi","-1.121,79 mi","133,16 mi","940,18 mi","-25,70 mi"
"04/02/2026","761,19 mi","-1.615,77 mi","717,42 mi","165,14 mi","-27,98 mi"
"03/02/2026","514,70 mi","554,47 mi","-801,78 mi","-133,32 mi","-134,07 mi"
"02/02/2026","1.593,12 mi","-1.638,05 mi","-219,01 mi","260,66 mi","3,27 mi"
"30/01/2026","993,64 mi","-872,04 mi","-65,64 mi","-74,18 mi","18,23 mi"
"29/01/2026","2.258,14 mi","-2.330,13 mi","163,85 mi","-82,75 mi","-9,11 mi"
"28/01/2026","1.336,70 mi","-691,46 mi","-680,84 mi","-49,45 mi","85,06 mi"
"27/01/2026","1.524,71 mi","-1.209,16 mi","-484,74 mi","197,03 mi","-27,84 mi"
"26/01/2026","2.472,11 mi","-2.640,15 mi","158,65 mi","112,50 mi","-103,12 mi"
"23/01/2026","1.970,92 mi","-914,32 mi","-890,82 mi","-73,14 mi","-92,64 mi"
"22/01/2026","3.406,92 mi","-2.283,57 mi","-1.014,92 mi","5,00 mi","-113,44 mi"
"21/01/2026","3.583,55 mi","-1.995,97 mi","-1.482,99 mi","-61,85 mi","-42,73 mi"
"20/01/2026","1.123,23 mi","-1.061,60 mi","20,52 mi","-77,64 mi","-4,52 mi"
"19/01/2026","314,36 mi","-156,01 mi","282,82 mi","-251,95 mi","-189,21 mi"
"16/01/2026","2.115,42 mi","-1.214,53 mi","-425,04 mi","-477,62 mi","1,78 mi"
"15/01/2026","585,08 mi","-1.124,50 mi","-61,38 mi","545,68 mi","55,12 mi"
"14/01/2026","1.646,06 mi","-606,27 mi","-501,92 mi","-545,25 mi","7,38 mi"
"13/01/2026","960,31 mi","-1.320,39 mi","411,76 mi","-320,07 mi","268,38 mi"
"12/01/2026","648,66 mi","-460,80 mi","140,44 mi","-491,89 mi","163,60 mi"
"09/01/2026","624,19 mi","1.607,15 mi","-294,69 mi","-1.953,18 mi","16,53 mi"
"08/01/2026","180,08 mi","137,26 mi","120,89 mi","-87,58 mi","-350,64 mi"
"07/01/2026","1.242,28 mi","-391,17 mi","424,89 mi","-1.131,59 mi","-144,42 mi"
"06/01/2026","457,12 mi","-386,65 mi","135,08 mi","-174,85 mi","-30,70 mi"
"05/01/2026","-212,35 mi","36,07 mi","-19,27 mi","231,66 mi","-36,10 mi"
"02/01/2026","-917,52 mi","340,08 mi","491,88 mi","74,77 mi","10,78 mi"
"30/12/2025","-46,93 mi","-7,35 mi","77,36 mi","-13,62 mi","-9,46 mi"
"29/12/2025","-1.436,15 mi","949,70 mi","333,50 mi","200,31 mi","-47,36 mi"
"26/12/2025","149,88 mi","-733,03 mi","357,89 mi","296,24 mi","-70,97 mi"
"23/12/2025","-122,87 mi","651,37 mi","166,77 mi","-621,54 mi","-73,73 mi"
"22/12/2025","803,40 mi","100,50 mi","441,32 mi","-92,18 mi","-1.253,04 mi"
"19/12/2025","-768,85 mi","3.114,57 mi","-360,17 mi","-2.009,86 mi","24,32 mi"
"18/12/2025","1.528,73 mi","-586,06 mi","138,00 mi","-1.292,72 mi","212,05 mi"
"17/12/2025","-330,07 mi","-159,30 mi","341,48 mi","36,41 mi","111,48 mi"
"16/12/2025","1.469,09 mi","-789,85 mi","816,47 mi","-1.512,06 mi","16,36 mi"
"15/12/2025","-635,14 mi","1.271,51 mi","6,93 mi","866,67 mi","-1.509,97 mi"
"12/12/2025","690,53 mi","-483,63 mi","-79,12 mi","-96,24 mi","-31,54 mi"
"11/12/2025","-916,97 mi","243,88 mi","262,92 mi","434,89 mi","-24,73 mi"
"10/12/2025","122,51 mi","-37,15 mi","143,22 mi","-242,47 mi","13,90 mi"
"09/12/2025","-1.318,08 mi","865,31 mi","292,61 mi","84,47 mi","75,69 mi"
"08/12/2025","666,87 mi","-1.411,15 mi","473,06 mi","239,64 mi","31,57 mi"
"05/12/2025","-2.018,74 mi","637,54 mi","1.121,05 mi","80,47 mi","179,67 mi"
"04/12/2025","149,97 mi","39,37 mi","-361,18 mi","90,63 mi","81,20 mi"
"03/12/2025","-171,96 mi","388,46 mi","-77,52 mi","50,94 mi","-189,92 mi"
"02/12/2025","388,22 mi","-247,45 mi","-358,35 mi","196,10 mi","21,48 mi"
"01/12/2025","-76,92 mi","-915,74 mi","125,10 mi","747,88 mi","119,69 mi"
"28/11/2025","-495,67 mi","-826,83 mi","42,28 mi","1.109,63 mi","170,58 mi"
"27/11/2025","-279,40 mi","192,45 mi","150,68 mi","-30,94 mi","-32,79 mi"
"26/11/2025","-76,23 mi","445,13 mi","-478,90 mi","81,47 mi","28,52 mi"
"25/11/2025","-516,46 mi","358,48 mi","59,80 mi","40,49 mi","57,69 mi"
"24/11/2025","-750,69 mi","386,58 mi","339,33 mi","-20,78 mi","45,56 mi"
"21/11/2025","-3.158,55 mi","2.938,72 mi","-734,43 mi","904,71 mi","49,56 mi"
"19/11/2025","1.354,63 mi","-1.631,13 mi","116,05 mi","83,74 mi","76,72 mi"
"18/11/2025","1.234,94 mi","-1.619,98 mi","-5,22 mi","293,23 mi","97,04 mi"
"17/11/2025","715,13 mi","-1.039,33 mi","79,26 mi","137,44 mi","107,51 mi"
"14/11/2025","1.434,19 mi","-1.009,84 mi","-143,23 mi","-441,30 mi","160,18 mi"
"13/11/2025","762,83 mi","-1.808,05 mi","354,36 mi","216,43 mi","474,43 mi"
"12/11/2025","786,34 mi","-911,93 mi","-142,73 mi","122,97 mi","145,34 mi"
"11/11/2025","1.479,25 mi","-655,55 mi","-1.038,11 mi","201,33 mi","13,07 mi"
"10/11/2025","561,81 mi","-514,93 mi","-412,31 mi","325,36 mi","40,08 mi"
"07/11/2025","476,01 mi","-105,51 mi","-540,28 mi","-267,96 mi","437,75 mi"
"06/11/2025","-113,75 mi","-186,83 mi","59,94 mi","322,19 mi","-81,56 mi"
"05/11/2025","396,71 mi","365,63 mi","-822,36 mi","49,33 mi","10,70 mi"
"04/11/2025","-1.035,29 mi","-4.090,75 mi","-149,60 mi","285,30 mi","4.990,35 mi"
"03/11/2025","-714,96 mi","972,53 mi","-220,63 mi","-49,04 mi","12,10 mi"
"31/10/2025","526,37 mi","305,14 mi","-121,79 mi","-694,25 mi","-15,46 mi"
"30/10/2025","-389,47 mi","376,37 mi","-109,00 mi","138,69 mi","-16,59 mi"
"29/10/2025","756,50 mi","-144,53 mi","-227,92 mi","-375,24 mi","-8,81 mi"
"28/10/2025","665,85 mi","-184,70 mi","-202,97 mi","-248,47 mi","-29,71 mi"
"27/10/2025","495,88 mi","-208,74 mi","-245,64 mi","-27,36 mi","-14,14 mi"
"24/10/2025","439,57 mi","-644,46 mi","-45,09 mi","214,48 mi","35,50 mi"
"23/10/2025","3.508,86 mi","-3.230,93 mi","-384,44 mi","107,99 mi","-1,48 mi"
"22/10/2025","-427,12 mi","293,38 mi","-68,78 mi","169,19 mi","33,34 mi"
"21/10/2025","-301,42 mi","111,54 mi","196,30 mi","-55,68 mi","49,26 mi"
"20/10/2025","-242,49 mi","265,89 mi","-193,74 mi","168,33 mi","2,00 mi"
"17/10/2025","-846,84 mi","1.722,20 mi","-174,70 mi","-690,75 mi","-9,91 mi"
"16/10/2025","1.346,23 mi","-1.315,11 mi","278,04 mi","-344,01 mi","34,85 mi"
"15/10/2025","562,93 mi","-756,29 mi","97,27 mi","78,22 mi","17,87 mi"
"14/10/2025","-482,61 mi","410,39 mi","-22,37 mi","61,83 mi","32,76 mi"
"13/10/2025","106,17 mi","-161,35 mi","-143,79 mi","117,12 mi","81,84 mi"
"10/10/2025","-1.975,62 mi","987,87 mi","327,80 mi","584,19 mi","75,77 mi"
"09/10/2025","-856,47 mi","628,49 mi","235,96 mi","-33,15 mi","25,18 mi"
"08/10/2025","-1.184,48 mi","906,58 mi","118,56 mi","117,10 mi","42,25 mi"
"07/10/2025","-1.038,56 mi","370,59 mi","584,68 mi","26,94 mi","56,35 mi"
"06/10/2025","-618,16 mi","333,61 mi","227,92 mi","14,86 mi","41,77 mi"
"03/10/2025","-355,62 mi","103,06 mi","79,63 mi","156,66 mi","16,27 mi"
"02/10/2025","-670,98 mi","133,40 mi","454,15 mi","38,38 mi","45,06 mi"
"01/10/2025","-244,96 mi","-17,08 mi","98,08 mi","95,59 mi","68,37 mi"
"30/09/2025","162,46 mi","-302,76 mi","90,62 mi","-38,96 mi","88,64 mi"
"29/09/2025","314,74 mi","-222,25 mi","82,04 mi","-171,81 mi","-2,72 mi"
"26/09/2025","8,35 mi","-255,56 mi","170,27 mi","55,26 mi","21,69 mi"
"25/09/2025","408,96 mi","-868,03 mi","395,67 mi","-44,04 mi","107,44 mi"
"24/09/2025","551,58 mi","-706,73 mi","82,82 mi","33,21 mi","39,12 mi"
"23/09/2025","1.138,00 mi","-61,22 mi","-83,12 mi","-972,41 mi","-21,25 mi"
"22/09/2025","801,55 mi","-812,49 mi","344,09 mi","-316,42 mi","-16,74 mi"
"19/09/2025","-35,59 mi","579,72 mi","-806,27 mi","284,95 mi","-22,81 mi"
"18/09/2025","276,36 mi","-449,21 mi","95,61 mi","66,84 mi","10,40 mi"
"17/09/2025","187,95 mi","175,77 mi","-261,42 mi","-66,07 mi","-36,23 mi"
"16/09/2025","1.293,44 mi","-1.390,90 mi","-59,38 mi","148,16 mi","8,68 mi"
"15/09/2025","69,87 mi","91,74 mi","40,49 mi","-234,16 mi","32,05 mi"
"12/09/2025","239,78 mi","-596,61 mi","226,11 mi","96,33 mi","34,38 mi"
"11/09/2025","869,92 mi","-5.643,18 mi","-457,85 mi","-1,48 mi","5.232,59 mi"
"10/09/2025","479,38 mi","-505,31 mi","-21,47 mi","2,32 mi","45,08 mi"
"09/09/2025","-279,85 mi","406,39 mi","-35,58 mi","-170,38 mi","79,42 mi"
"08/09/2025","312,43 mi","-399,44 mi","205,50 mi","-202,49 mi","84,00 mi"
"05/09/2025","-425,51 mi","901,05 mi","-362,23 mi","-71,20 mi","-42,11 mi"
"04/09/2025","-463,67 mi","819,57 mi","-216,99 mi","-154,96 mi","16,05 mi"
"03/09/2025","-470,69 mi","188,19 mi","298,18 mi","-40,37 mi","24,69 mi"
"02/09/2025","-182,02 mi","-8,03 mi","94,48 mi","57,21 mi","38,37 mi"
"01/09/2025","9,65 mi","-155,31 mi","59,57 mi","54,09 mi","31,99 mi"
"29/08/2025","1.466,42 mi","-1.317,49 mi","-209,57 mi","-16,24 mi","76,88 mi"
"28/08/2025","-279,17 mi","1.025,60 mi","-780,82 mi","55,21 mi","-20,82 mi"
"27/08/2025","-430,18 mi","726,31 mi","-313,74 mi","67,73 mi","-50,12 mi"
"26/08/2025","299,04 mi","-493,87 mi","76,47 mi","75,16 mi","43,18 mi"
"25/08/2025","94,61 mi","-55,04 mi","-8,16 mi","23,01 mi","-54,42 mi"
